mintel_index,mintel_company,ultimate_company,compustat_conm,cosine_score
0,Johnson & Johnson,Johnson & Johnson,JOHNSON & JOHNSON,0.8035067996662113
1,General Mills,General Mills,GENERAL MILLS INC,0.7678372385673595
2,Pillsbury,General Mills,GENERAL MILLS INC,0.6543732052177158
3,Procter & Gamble,Procter & Gamble,PROCTER & GAMBLE CO,0.7914334722471131
4,Pepperidge Farm,Campbell Soup,CAMPBELL SOUP CO,0.6453130765828042
5,Beatrice,ConAgra Foods,CONAGRA BRANDS INC,0.5947829238009346
6,Gardetto's,Gardetto's,MONDELEZ INTERNATIONAL INC,0.37007449509629026
7,Drypers,Drypers,KIMBERLY-CLARK CORP,0.3888900473991109
8,Kimberly-Clark,Kimberly-Clark,KIMBERLY-CLARK CORP,0.8054183643721232
9,Aveda,Este Lauder,ESTEE LAUDER COMPANIES INC,0.6263746971069069
10,Neutrogena,Johnson & Johnson,JOHNSON & JOHNSON,0.6776132924449398
11,Bobbi Brown,Este Lauder,ESTEE LAUDER COMPANIES INC,0.5635058642169201
12,Campbell,Campbell Soup,CAMPBELL SOUP CO,0.8177962693077749
13,Minute Maid,The Coca-Cola Company,COCA-COLA CO,0.5219745587203688
14,Clorox,Clorox,CLOROX CO/DE,0.7645204445975227
15,Clinique,Este Lauder,ESTEE LAUDER COMPANIES INC,0.570366300107953
16,Ross Products,Abbott Laboratories,ABBOTT LABORATORIES,0.6603805029581221
17,Hunt-Wesson,ConAgra Foods,CONAGRA BRANDS INC,0.6420126717450403
18,ConAgra Foods,ConAgra Foods,CONAGRA BRANDS INC,0.7396412146380498
19,Gillette,Procter & Gamble,PROCTER & GAMBLE CO,0.660729160775785
20,Colgate-Palmolive,Colgate-Palmolive,COLGATE-PALMOLIVE CO,0.7832917995421596
21,Pfizer,Pfizer,PFIZER INC,0.74693433966106
22,Frito-Lay,PepsiCo,PEPSICO INC,0.6233935421067792
23,Christie Brown,Mondelez International,MONDELEZ INTERNATIONAL INC,0.6422460618493341
24,Aramis,Este Lauder,ESTEE LAUDER COMPANIES INC,0.48975618648867564
25,3M,3M,3M CO,0.7627413334003748
26,Oral-B,Procter & Gamble,PROCTER & GAMBLE CO,0.6193058169028471
27,Prescriptives,Este Lauder,ESTEE LAUDER COMPANIES INC,0.603578969718128
28,Bayer HealthCare,Bayer,BAYER AG,0.7509034009480577
29,Culinar,Saputo Group,SAPUTO INC,0.6380966423148714
30,Hormel Foods,Hormel Foods,HORMEL FOODS CORP,0.792869126447525
31,Kashi,Kellogg,GENERAL MILLS INC,0.4767664457376011
32,Melting Pot Foods,Hormel Foods,HORMEL FOODS CORP,0.6316246074089131
33,Molson Coors Brewing,Molson Coors Brewing,MOLSON COORS BEVERAGE CO,0.8033053077066683
34,Blue Sky Beverage,The Coca-Cola Company,COCA-COLA CO,0.5758296706644119
35,Jennie-O Turkey Store,Hormel Foods,HORMEL FOODS CORP,0.5639305958666865
36,Tyson Foods,Tyson Foods,TYSON FOODS INC  -CL A,0.7430849429966204
37,Coca-Cola,The Coca-Cola Company,COCA-COLA CO,0.7010680613010233
38,Tambrands,Procter & Gamble,PROCTER & GAMBLE CO,0.6305133235337635
39,Bausch & Lomb,Valeant Pharmaceuticals,BAUSCH HEALTH COMPANIES INC,0.6627763882883189
40,Coors Brewing,Molson Coors Brewing,MOLSON COORS BEVERAGE CO,0.7559214634478805
41,Odwalla,The Coca-Cola Company,COCA-COLA CO,0.5370367815016447
42,Novartis Consumer Health,Novartis,NOVARTIS AG,0.6584244039352857
43,Goodmark Foods,ConAgra Foods,CONAGRA BRANDS INC,0.6715997425929969
44,Tuscan Dairy Farms,Tuscan Dairy Farms,LAND O'LAKES INC,0.45546295459848835
45,McNeil Consumer Products,Johnson & Johnson,JOHNSON & JOHNSON,0.6595987248253367
46,ConAgra Frozen Foods,ConAgra Foods,CONAGRA BRANDS INC,0.717905921404418
47,Sassaby Cosmetics,Este Lauder,ESTEE LAUDER COMPANIES INC,0.614739054495867
48,Jerome Foods,Jerome Foods,HORMEL FOODS CORP,0.4753154768323373
49,Starbucks Coffee,Starbucks Coffee,STARBUCKS CORP,0.7280477331635559
50,Sunfresh,Associated Wholesale Grocers,KROGER CO,0.4920482373453892
51,Robin Hood Multifoods,J.M. Smucker,SMUCKER (JM) CO,0.6194000176676057
52,HV Food Products,Clorox,CLOROX CO/DE,0.5989875962387704
53,StockPot Soups,Campbell Soup,CAMPBELL SOUP CO,0.6881675992696737
54,Ralph Lauren Fragrances Luxury Products,L'Oral,RALPH LAUREN CORP,0.6441110395035813
55,PepsiCo,PepsiCo,PEPSICO INC,0.7514156073115957
56,United Natural Foods / UNFI,United Natural Foods / UNFI,UNITED NATURAL FOODS INC,0.7713982753708144
57,On-Cor Frozen Foods,On-Cor Frozen Foods,HORMEL FOODS CORP,0.4700973226505759
58,Stagg Foods,Stagg Foods,HORMEL FOODS CORP,0.43700820702116505
59,J.M. Smucker,J.M. Smucker,SMUCKER (JM) CO,0.7715773981270241
60,Malt-O-Meal,Malt-O-Meal,GENERAL MILLS INC,0.5461587674523405
61,Campbell Soup,Campbell Soup,CAMPBELL SOUP CO,0.8100127420652259
62,Sanofi Beaute,Sanofi Beaute,SANOFI,0.6581541692163319
63,Este Lauder,Este Lauder,ESTEE LAUDER COMPANIES INC,0.6434290245577065
64,C. H. Robinson,C. H. Robinson,C H ROBINSON WORLDWIDE INC,0.7680747297257216
65,Origins Natural Resources,Este Lauder,ESTEE LAUDER COMPANIES INC,0.5312825214141146
66,South Beach Beverage,PepsiCo,PEPSICO INC,0.5752508965143434
67,Saputo Cheese,Saputo Group,SAPUTO INC,0.7279067323036121
68,Land O'Lakes,Land O'Lakes,LAND O'LAKES INC,0.8010024123682807
69,Nabisco,Mondelez International,MONDELEZ INTERNATIONAL INC,0.7312719506766923
70,Hershey,Hershey,HERSHEY CO,0.7676421543441903
71,Arbor Mist Winery,Constellation Brands,CONSTELLATION BRANDS,0.6556611926584941
72,NeoStrata,Johnson & Johnson,JOHNSON & JOHNSON,0.5861539384976077
73,Wright Brand Foods,Tyson Foods,TYSON FOODS INC  -CL A,0.5600909452860222
74,Mott's North America,Mott's North America,SMUCKER (JM) CO,0.43211452668072575
75,BD Herbs,BD Herbs,BECTON DICKINSON & CO,0.4212486436570327
76,CAG Functional Foods,ConAgra Foods,CONAGRA BRANDS INC,0.6385558903977552
77,Personal Products Company,Johnson & Johnson,JOHNSON & JOHNSON,0.7233998102875747
78,Quaker Oats,PepsiCo,PEPSICO INC,0.5960995775538845
79,Stella D'Oro Biscuit,Mondelez International,MONDELEZ INTERNATIONAL INC,0.6497841570821051
80,McKesson Water Products,McKesson Water Products,MCKESSON CORP,0.5820378060346862
81,Kroger,Kroger,KROGER CO,0.7650949595270615
82,Wal-Mart,Wal-Mart,WALMART INC,0.7271223842181452
83,Walgreen,Walgreens Boots Alliance,WALGREENS BOOTS ALLIANCE INC,0.7847908143655471
84,Eckerd,Rite Aid,RITE AID CORP,0.6036393547351686
85,Taylor Wine,Constellation Brands,CONSTELLATION BRANDS,0.7099976770445927
86,Rite Aid,Rite Aid,RITE AID CORP,0.7240957596346291
87,Provigo,George Weston,LOBLAW COS LTD,0.5652536505782894
88,Becton Dickinson,Becton Dickinson,BECTON DICKINSON & CO,0.78670547422456
89,Hershey Import,The Hershey Company,HERSHEY CO,0.6909908351122127
90,Greenbrier International,Dollar Tree Stores,DOLLAR TREE INC,0.7045577523605813
91,Woolwich & Nova Cheese Dairy,Woolwich & Nova Cheese Dairy,WESTON (GEORGE) LTD,0.4056730174045108
92,Seattle's Best Coffee,Inventure Foods,STARBUCKS CORP,0.5402843342541005
93,Pfizer Animal Health,Pfizer,PFIZER INC,0.612954291317336
94,Pilgrim's Pride,Pilgrim's Pride,PILGRIM'S PRIDE CORP,0.8136231386025815
95,Corporate Foods,Corporate Foods,HORMEL FOODS CORP,0.505086258607532
96,Pace Foods,Campbell Soup,CAMPBELL SOUP CO,0.6693146693616178
97,Smucker Quality Beverages,J.M. Smucker,SMUCKER (JM) CO,0.6515680704016072
98,Scharffen Berger Chocolate Maker,The Hershey Company,HERSHEY CO,0.6420827008301793
99,Muir Glen Organic,General Mills,GENERAL MILLS INC,0.5748255821722612
100,Snack Works,Snack Works,MONDELEZ INTERNATIONAL INC,0.46079950386018714
101,Knott's Berry Farm,J.M. Smucker,SMUCKER (JM) CO,0.6006726023783876
102,LU,Mondelez International,MONDELEZ INTERNATIONAL INC,0.7490133662981286
103,Archer Daniels Midland,Archer Daniels Midland,ARCHER-DANIELS-MIDLAND CO,0.8037501717243233
104,Bran-Zan,Bran-Zan,CONAGRA BRANDS INC,0.3052950136461054
105,Cadbury Adams,Mondelez International,MONDELEZ INTERNATIONAL INC,0.6999094445466224
106,Donna Karan Cosmetics,Este Lauder,ESTEE LAUDER COMPANIES INC,0.5871565264571617
107,Jacobs Suchard,Mondelez International,MONDELEZ INTERNATIONAL INC,0.6600383479118781
108,Millstone Coffee,J.M. Smucker,SMUCKER (JM) CO,0.602444158896946
109,Inter-American Foods,Kroger,KROGER CO,0.5960605732085801
110,Turkey Store,Hormel Foods,HORMEL FOODS CORP,0.6133418235484062
111,Stop & Shop Supermarket,Ahold Delhaize,KONINKLIJKE AHOLD DELHAIZE,0.6157730364223946
112,Bristol-Myers Squibb,Bristol-Myers Squibb,BRISTOL-MYERS SQUIBB CO,0.802773756728444
113,Tom's of Maine,Colgate-Palmolive,COLGATE-PALMOLIVE CO,0.5756049643131739
114,IBP,Tyson Foods,TYSON FOODS INC  -CL A,0.6730912572114307
115,Spirits Marque One,Constellation Brands,CONSTELLATION BRANDS,0.6665744008601384
116,Energy Brands,The Coca-Cola Company,COCA-COLA CO,0.6009568057716437
117,North American Coffee Partnership,Starbucks Coffee,STARBUCKS CORP,0.6519456110604956
118,Gilardi Foods,ConAgra Foods,CONAGRA BRANDS INC,0.6539493163327265
119,Scharffen Berger Chocolate Maker,Hershey,HERSHEY CO,0.6639775457105684
120,Dr. Johns Products,Procter & Gamble,PROCTER & GAMBLE CO,0.5782809019283681
121,Trebor Allan,Hershey,HERSHEY CO,0.6222209920120062
122,Starbucks Ice Cream Partnership,Starbucks Coffee,STARBUCKS CORP,0.6168617773157408
123,Mexican Original,Tyson Foods,TYSON FOODS INC  -CL A,0.5188275519442661
124,Costco Wholesale,Costco Wholesale,COSTCO WHOLESALE CORP,0.8041278913335999
125,Ahold,Ahold Delhaize,KONINKLIJKE AHOLD DELHAIZE,0.7664340050540601
126,Tabernash Brewing,Tabernash Brewing,MOLSON COORS BEVERAGE CO,0.448209159923969
127,ConAgra Grocery Products,ConAgra Foods,CONAGRA BRANDS INC,0.7123879702699479
128,Brookside Foods,The Hershey Company,HERSHEY CO,0.6117013080871904
129,Hormel Healthlabs,Hormel Foods,HORMEL FOODS CORP,0.6960409066793227
130,ADM Protein Specialties,ADM Protein Specialties,ARCHER-DANIELS-MIDLAND CO,0.5335192893786448
131,Dayton Hudson,Dayton Hudson,HOME DEPOT INC,0.50055777608513
132,Tommy Hilfiger,Este Lauder,ESTEE LAUDER COMPANIES INC,0.5531446110968903
133,Sterling Vineyards,Sterling Vineyards,CONSTELLATION BRANDS,0.43068539940335315
134,Cattlemen's,Cattlemen's,CASEYS GENERAL STORES INC,0.33506488474442936
135,Abbott Laboratories,Abbott Laboratories,ABBOTT LABORATORIES,0.8052113218567506
136,Franzia Winery,Franzia Winery,CONSTELLATION BRANDS,0.40584650876725203
137,Weston Foods,George Weston,WESTON (GEORGE) LTD,0.6668728231188208
138,Yoplait,General Mills,GENERAL MILLS INC,0.556138398826427
139,CVS Pharmacy,CVS Health,CVS HEALTH CORP,0.7272119891830225
140,Seaboard Farms,Seaboard Farms,SEABOARD CORP,0.6268285806834948
141,SmashBox Beauty Cosmetics,Este Lauder,ESTEE LAUDER COMPANIES INC,0.5540289134800048
142,Target,Target,TARGET CORP,0.7098653111345985
143,Cotton Buds,Cotton Buds,KIMBERLY-CLARK CORP,0.3157153468020222
144,Loblaws,George Weston,LOBLAW COS LTD,0.675197737625817
145,Brookside Foods,Hershey,HERSHEY CO,0.6466588246120605
146,Fisher Price,Fisher Price,NEWELL BRANDS INC,0.35760724281174
147,James Valley,James Valley,VALERO ENERGY CORP,0.30598803637628785
148,Precision Foods,Precision Foods,GENERAL MILLS INC,0.46416467952767304
149,CWC,CWC,COCA-COLA CO,0.37939813321315413
150,Ready Bake Foods,George Weston,WESTON (GEORGE) LTD,0.5979433558449154
151,Cervecera Modelo,Constellation Brands,CONSTELLATION BRANDS,0.6846046457030417
152,Mad River Farm,Mad River Farm,LAND O'LAKES INC,0.32781053218739986
153,ASE Consumer Products,ConAgra Foods,CONAGRA BRANDS INC,0.6704840053015534
154,Saputo Group,Saputo Group,SAPUTO INC,0.7270689148766438
155,Canada Bread,Canada Bread,LOBLAW COS LTD,0.472902447395226
156,Sam's Club,Wal-Mart,WALMART INC,0.5572321054967182
157,Jo Malone,Este Lauder,ESTEE LAUDER COMPANIES INC,0.5608420313014215
158,Thomas E. Wilson,Tyson Foods,TYSON FOODS INC  -CL A,0.6240659259154411
159,Houston Harvest Gift Products,Hershey,HERSHEY CO,0.5979755327336042
160,Andes Candies,Andes Candies,HERSHEY CO,0.45355382165668967
161,Houston Harvest Gift Products,The Hershey Company,HERSHEY CO,0.6128613510289684
162,CPC Specialty Brands,CPC Specialty Brands,NEWELL BRANDS INC,0.46148427715038354
163,Gatorade,PepsiCo,PEPSICO INC,0.5902008093430577
164,Cash Food Trading,Cash Food Trading,UNITED NATURAL FOODS INC,0.3830491498495231
165,Suchard Schokolade,Mondelez International,MONDELEZ INTERNATIONAL INC,0.6563745983789125
166,SWC,SWC,SRM ENTERTAINMENT INC -SPN,0.3737491353080826
167,Kennedy Foods,Kennedy Foods,CONAGRA BRANDS INC,0.4587571685488743
168,MSB,MSB,SRM ENTERTAINMENT INC -SPN,0.35209740200359624
169,Molson,Molson Coors Brewing,MOLSON COORS BEVERAGE CO,0.78426750967834
170,Lactantia,Lactantia,LAND O'LAKES INC,0.4428292572243575
171,Brooks Pharmacy,Brooks Pharmacy,RITE AID CORP,0.3879059013635978
172,Perugina Brands of America,Perugina Brands of America,CONAGRA BRANDS INC,0.4615084261068912
173,Mott's North America,Mott's North America,SMUCKER (JM) CO,0.43211491338033053
174,Bumble and bumble,Este Lauder,ESTEE LAUDER COMPANIES INC,0.5421395776471447
175,P&G Prestige Beaut,Procter & Gamble,PROCTER & GAMBLE CO,0.6122580622399263
176,JRB Foods,JRB Foods,SMUCKER (JM) CO,0.45263807005519957
177,DeBeukelaer,DeBeukelaer,MONDELEZ INTERNATIONAL INC,0.4534368260370621
178,Vex Hard Beverage,Constellation Brands,CONSTELLATION BRANDS,0.6153148598898512
179,Mike's Hard Lemonade,Mike's Hard Lemonade,MOLSON COORS BEVERAGE CO,0.41400348314188007
180,Arnott's Biscuits,Campbell Soup,CAMPBELL SOUP CO,0.6190130198514922
181,Maplehurst Bakeries,George Weston,WESTON (GEORGE) LTD,0.5959085893067433
182,Changing Paradigms,Changing Paradigms,STEM INC,0.2654273555966525
183,Brava,Brava,AMBEV SA,0.32031209635687985
184,Kingsey Cheese,Kingsey Cheese,SAPUTO INC,0.34812457504211725
185,8th Continent,8th Continent,LAND O'LAKES INC,0.3596900221936788
186,McNeil,Johnson & Johnson,JOHNSON & JOHNSON,0.7151477300979252
187,Dover Finishing,Dover Finishing,DOVER CORP,0.5705584481737219
188,Stiefel Canada,Stiefel Canada,BAUSCH HEALTH COMPANIES INC,0.3948958683842684
189,Briska,Briska,BRISTOL-MYERS SQUIBB CO,0.2720454825424976
190,GapBody,GapBody,GAP INC,0.6461227013975472
191,Coca-Cola Bottling,The Coca-Cola Company,COCA-COLA CO,0.6849600808858132
192,Oskar Blue Brewery,Oskar Blue Brewery,MOLSON COORS BEVERAGE CO,0.4325386675852655
193,Hershey Import,Hershey,HERSHEY CO,0.6872653732139279
194,Glad Products Company,Glad Products,PROCTER & GAMBLE CO,0.43269580134689173
195,Ace Bakery,George Weston,WESTON (GEORGE) LTD,0.6112512717111559
196,Quo,George Weston,WESTON (GEORGE) LTD,0.5906161341460417
197,Nordstrom,Nordstrom,NORDSTROM INC,0.7352979403643314
198,Aventis Pharma,Sanofi,SANOFI,0.7500058588191245
199,Peloponnese,Hormel Foods,HORMEL FOODS CORP,0.573446279540442
200,Dolgencorp / Dollar General Corporation,Dolgencorp / Dollar General Corporation,DOLLAR GENERAL CORP,0.7705713146195781
201,Canandaigua Wine,Constellation Brands,CONSTELLATION BRANDS,0.6895912855445187
202,H.B. Reese Candy,Hershey,HERSHEY CO,0.6763470714174717
203,Kraft Freia Marabou,Mondelez International,MONDELEZ INTERNATIONAL INC,0.6438892260703336
204,Disney Store,Disney Store,DISNEY (WALT) CO,0.4922584952646498
205,Delaware Punch,The Coca-Cola Company,COCA-COLA CO,0.5085169099993552
206,Square Roots,ConAgra Foods,CONAGRA BRANDS INC,0.6365228682065683
207,Canadaigua Wine,Canadaigua Wine,CONSTELLATION BRANDS,0.423010194803648
208,Robert Mondavi,Constellation Brands,CONSTELLATION BRANDS,0.6779356294711302
209,Foodhold,Ahold Delhaize,KONINKLIJKE AHOLD DELHAIZE,0.7233851805466032
210,Duane Reade,Walgreens Boots Alliance,WALGREENS BOOTS ALLIANCE INC,0.6783646430647933
211,McKesson,McKesson,MCKESSON CORP,0.7508919930801932
212,General Biscuits,Mondelez International,MONDELEZ INTERNATIONAL INC,0.6833746156576114
213,Pepsi/Lipton Tea Partnership,PepsiCo,PEPSICO INC,0.5844748709769475
214,Ridg's Finer Foods Canada,Ridg's Finer Foods Canada,LOBLAW COS LTD,0.46296738650850483
215,Baxter Healthcare,Baxter Healthcare,BAXTER INTERNATIONAL INC,0.7171472994473072
216,Mills,Mills,GENERAL MILLS INC,0.4808105286261558
217,Vendange Wine Cellars,Constellation Brands,CONSTELLATION BRANDS,0.6777327609819396
218,Casey's General Stores,Casey's General Stores,CASEYS GENERAL STORES INC,0.8024502910482467
219,Michael Kors Fragrances,Este Lauder,ESTEE LAUDER COMPANIES INC,0.547906328112081
220,QVC,QVC,QURATE RETAIL INC,0.5455577301896608
221,One Better,One Better,ONE GAS INC,0.27676693915560263
222,Jelmar,Jelmar,CLOROX CO/DE,0.3870024531196156
223,Quaker Foods & Beverages,PepsiCo,PEPSICO INC,0.578990786908324
224,Interex,Interex,INTERXION HOLDING NV,0.5354000824323475
225,Small Planet Foods,General Mills,GENERAL MILLS INC,0.6173702761001176
226,Ste Maure,Ste Maure,SAPUTO INC,0.28156392979049544
227,Rougette de Brigham,Rougette de Brigham,SAPUTO INC,0.30893090268769646
228,Boulangerie Premiere Moisson,Boulangerie Premiere Moisson,METRO INC,0.40386451020434366
229,Weston Bakeries,George Weston,WESTON (GEORGE) LTD,0.6398094290739519
230,Y & S Candies,Hershey,HERSHEY CO,0.6718866716416605
231,Clos Du Bois,Constellation Brands,CONSTELLATION BRANDS,0.6981497946968197
232,Dickenson's,Dickenson's,BECTON DICKINSON & CO,0.39915316657659494
233,Enjoy Life Foods,Mondelez International,MONDELEZ INTERNATIONAL INC,0.6327486152657876
234,Ecolab,Ecolab,ECOLAB INC,0.7822921497806934
235,Agrilink Foods,Agrilink Foods,LAND O'LAKES INC,0.45029021396536323
236,Woodbridge Winery,Constellation Brands,CONSTELLATION BRANDS,0.7086175053888784
237,Jugos del Valle,The Coca-Cola Company,COCA-COLA FEMSA SAB DE CV,0.5745329338193633
238,Immaculate Baking,General Mills,GENERAL MILLS INC,0.579562442662251
239,Ermenegildo Zegna,Este Lauder,ESTEE LAUDER COMPANIES INC,0.5766584999920391
240,Overwaitea Food,Overwaitea Food,LOBLAW COS LTD,0.467164586302635
241,Ethel M Chocolate,Ethel M Chocolate,HERSHEY CO,0.4929031923955141
242,Campbell Foods,Campbell Soup,CAMPBELL SOUP CO,0.7958760204421242
243,Dollar Tree Stores,Dollar Tree Stores,DOLLAR TREE INC,0.7525236249517328
244,Progresso Quality Foods,Progresso Quality Foods,CONAGRA BRANDS INC,0.45184402555507847
245,Philips Oral Healthcare,Philips Oral Healthcare,KONINKLIJKE PHILIPS NV,0.5356341974963774
246,Durkee-Mower,Durkee-Mower,ARCHER-DANIELS-MIDLAND CO,0.3703432703455183
247,Metro Kirkland,Metro Kirkland,METRO INC,0.5015669912868693
248,Black Duck,Black Duck,JIVE SOFTWARE INC,0.31168284803712754
249,Inter-American Products,Kroger,KROGER CO,0.5606365650479045
250,Kohl's Department Stores,Kohl's Department Stores,KOHL'S CORP,0.72969086200531
251,Disney boom!,Disney boom!,DISNEY (WALT) CO,0.4450864722779302
252,Ojon,Este Lauder,ESTEE LAUDER COMPANIES INC,0.5385147007550304
253,Jarden,Jarden,NEWELL BRANDS INC,0.4359160105712342
254,Whirlpool,Whirlpool,WHIRLPOOL CORP,0.6927596611304211
255,Fireside Baking,Fireside Baking,GENERAL MILLS INC,0.29728147224787843
256,Oral-B Laboratories,Procter & Gamble,PROCTER & GAMBLE CO,0.6112227288346386
257,Advanced Healthcare Distributors,CVS Health,CVS HEALTH CORP,0.6215047412938941
258,Allan Candy,The Hershey Company,HERSHEY CO,0.5997634012805295
259,Sysco,Sysco,SYSCO CORP,0.7568854786725009
260,The Folgers Coffee Company,J.M. Smucker,SMUCKER (JM) CO,0.6188377785536694
261,American Beauty Cosmetics,Este Lauder,ESTEE LAUDER COMPANIES INC,0.6318655240850055
262,Good Skin Dermcare,Este Lauder,ESTEE LAUDER COMPANIES INC,0.5632182765495017
263,TSD Sales and Distribution,TSD Sales and Distribution,VENTAS INC,0.3956680785180573
264,Multifoods Brands,Multifoods Brands,CONAGRA BRANDS INC,0.548528783914659
265,Janssen Cosmeceuticals,Janssen Cosmeceuticals,JOHNSON & JOHNSON,0.4790605430316992
266,Hershey Creamery,The Hershey Company,HERSHEY CO,0.6960403519960928
267,Naked Juice,PepsiCo,PEPSICO INC,0.5619413519617947
268,Matte Leao North America,Matte Leao North America,AMBEV SA,0.32235263245763396
269,Hoover,Maytag,WHIRLPOOL CORP,0.5175130949070887
270,Miller Brewing,Molson Coors Brewing,MOLSON COORS BEVERAGE CO,0.7425743525290562
271,Ecolab Inc.,Ecolab Inc.,ECOLAB INC,0.8319073541665435
272,Flirt Productions,Este Lauder,ESTEE LAUDER COMPANIES INC,0.558640219183792
273,Zico,The Coca-Cola Company,COCA-COLA CO,0.6109211022424623
274,Bayer,Bayer,BAYER AG,0.7960020706793888
275,Dairyland Fluid Division,Dairyland Fluid Division,LAND O'LAKES INC,0.5175873778114182
276,Brookside Fruit,Hershey,HERSHEY CO,0.6035367179799351
277,Armor All Products,Armor All Products,SHERWIN-WILLIAMS CO,0.33104241567562454
278,William Neilson,William Neilson,NEWELL BRANDS INC,0.31868105345067244
279,Rembrandt Oral Care Products,Johnson & Johnson,JOHNSON & JOHNSON,0.5559760799381864
280,Kelsen Bisca,Campbell Soup,CAMPBELL SOUP CO,0.6617384625836963
281,Weston Foodservice,Weston Foodservice,WESTON (GEORGE) LTD,0.6564690712864656
282,Kingsford Products,Kingsford Products,CONAGRA BRANDS INC,0.4012577238795968
283,Gelit,ConAgra Foods,CONAGRA BRANDS INC,0.6629338556779832
284,King Soopers,Kroger,KROGER CO,0.6752585132921266
285,Wal-Mart,Wal-Mart,WALMART INC,0.7271933389272207
286,3 Blind Moose Cellers,Constellation Brands,CONSTELLATION BRANDS,0.6316668975555695
287,Sam's West,Wal-Mart,WALMART INC,0.591526739772714
288,ExxonMobil,ExxonMobil,EXXON MOBIL CORP,0.7313753011969144
289,Superstore Deli,Superstore Deli,LOBLAW COS LTD,0.45680164968273684
290,Ge-la-to,General Mills,GENERAL MILLS INC,0.592661970295838
291,Mill Street Brewery,Mill Street Brewery,MOLSON COORS BEVERAGE CO,0.521137557416099
292,Saag's Products,Saag's Products,SAPUTO INC,0.39141067454938755
293,Ambev,Anheuser-Busch InBev,AMBEV SA,0.8134272663913116
294,BD Consumer Healthcare,BD Consumer Healthcare,BECTON DICKINSON & CO,0.603219556403696
295,Southern Tier Brewing,Southern Tier Brewing,CONSTELLATION BRANDS,0.4668952505547981
296,Dover Finishing Products,Dover Finishing Products,DOVER CORP,0.6108799987853308
297,Laura Secord,Laura Secord,LOBLAW COS LTD,0.3489477530441043
298,Walt Disney,Walt Disney,DISNEY (WALT) CO,0.6356678326868396
299,Make-Up Art Cosmetics,Este Lauder,ESTEE LAUDER COMPANIES INC,0.6343972975218172
300,Sunfresh,Associated Wholesale Grocers,KROGER CO,0.4920078265528474
301,Midwestern Home,Midwestern Home,ARCHER-DANIELS-MIDLAND CO,0.30842640209790184
302,Feodora Chocolate,Feodora Chocolate,HERSHEY CO,0.4471447265673286
303,Old Navy Supply,Old Navy Supply,GAP INC,0.4682639339421534
304,Rubbermaid,Rubbermaid,NEWELL BRANDS INC,0.40870251152870013
305,Saputo Bakery,Saputo Group,SAPUTO INC,0.6507330185342312
306,On.Cor Frozen Foods,On.Cor Frozen Foods,CONAGRA BRANDS INC,0.46997184470009207
307,Smucker Foods,J.M. Smucker,SMUCKER (JM) CO,0.7501589474004527
308,La Maison Alexis de Portneuf,La Maison Alexis de Portneuf,SANOFI,0.3091437779079095
309,Novartis Animal Health,Novartis,NOVARTIS AG,0.6621627430915639
310,Global Sourcing,Global Sourcing,SYSCO CORP,0.3243131382951788
311,Brooks/Eckerd Pharmacy,Rite Aid,RITE AID CORP,0.6125516231776164
312,Lincoln Snacks Company,Lincoln Snacks Company,MONDELEZ INTERNATIONAL INC,0.42954606616524676
313,Macy's,Macy's,MACY'S INC,0.7400131159008784
314,Michelina's,Michelina's,CONAGRA BRANDS INC,0.3810169424861524
315,Kemps,Kemps,CAMPBELL SOUP CO,0.40595925421003315
316,William Nielson,William Nielson,NIOCORP DEVELOPMENTS LTD,0.3369375621191342
317,Cangro Vegetables,Cangro Vegetables,CONAGRA BRANDS INC,0.40182360297876185
318,U.S. Mills,U.S. Mills,GENERAL MILLS INC,0.5408705706389395
319,Plum Organics,Campbell Soup,CAMPBELL SOUP CO,0.6469068116236862
320,Novartis Pharmaceuticals,Novartis,NOVARTIS AG,0.7575188382820743
321,The Millstone Coffee Company,J.M. Smucker,SMUCKER (JM) CO,0.5867029551654965
322,National Cheese Company,National Cheese Company,LAND O'LAKES INC,0.49527307101854434
323,Mike's Hard Lemonade,Mike's Hard Lemonade,MOLSON COORS BEVERAGE CO,0.41402974970291984
324,Sigma Alimentos,Sigma Alimentos,SAPUTO INC,0.4745497728013204
325,Lab Series Research Center,Este Lauder,ESTEE LAUDER COMPANIES INC,0.5562411394581857
326,Tyco Healthcare,Tyco Healthcare,CARDINAL HEALTH INC,0.5151014691518337
327,Gap,Gap,GAP INC,0.7339626700331903
328,Kemps,Kemps,CAMPBELL SOUP CO,0.4059981300023211
329,Blue Sky Natural Beverage Company,The Coca-Cola Company,COCA-COLA CO,0.5638238058475245
330,Becca,Este Lauder,ESTEE LAUDER COMPANIES INC,0.5071594703295019
331,Cervezas Mexicanas,Cervezas Mexicanas,COCA-COLA FEMSA SAB DE CV,0.46467135814749244
332,MC Retail Foods,MC Retail Foods,MCDONALD'S CORP,0.5133194104460961
333,Moark,Moark,LAND O'LAKES INC,0.4724095527722136
334,Seven Seas,Merck,MERCK & CO,0.5896253338065194
335,Black Box Wines,Constellation Brands,CONSTELLATION BRANDS,0.676384673146228
336,Tyson Fresh Meats,Tyson Foods,TYSON FOODS INC  -CL A,0.6594647296925845
337,Viewpoint International,Viewpoint International,BAY VIEW CAPITAL CORP,0.4016849072017158
338,Petri Baking Products,ConAgra Foods,CONAGRA BRANDS INC,0.5306930354113237
339,Ralph Lauren,L'Oral,RALPH LAUREN CORP,0.649798893495926
340,Campbell's Soups,Campbell Soup,CAMPBELL SOUP CO,0.7710858563810438
341,Metro Brands,Metro,METRO INC,0.639395965325815
342,The Coca-Cola Company,The Coca-Cola Company,COCA-COLA CO,0.6927317540306063
343,Saputo,Saputo Group,SAPUTO INC,0.7692618988298957
344,Dollar Tree,Dollar Tree,DOLLAR TREE INC,0.7693510093433827
345,Stagg Foods,Stagg Foods,HORMEL FOODS CORP,0.43700820702116505
346,Banana Republic,Gap,GAP INC,0.6076951742711169
347,Pet Brands,Pet Brands,NEWELL BRANDS INC,0.4396560125713377
348,Golden Grain Foods,Golden Grain Foods,GENERAL MILLS INC,0.49204526141324934
349,Kinh Do,Mondelez International,MONDELEZ INTERNATIONAL INC,0.6623250876918473
350,Cte d'Or,Mondelez International,MONDELEZ INTERNATIONAL INC,0.6898436176020541
351,Nathanson Creek Cellars,Constellation Brands,CONSTELLATION BRANDS,0.6503006873061038
352,Growers Cider,Constellation Brands,CONSTELLATION BRANDS,0.6845018042646637
353,Campbell Grocery Products,Campbell Soup,CAMPBELL SOUP CO,0.7439239535042151
354,Quickie,Newell Brands,NEWELL BRANDS INC,0.7092378083156048
355,ITW Space Bag,ITW Space Bag,SEALED AIR CORP,0.37981137041659524
356,Tom Ford Beauty,Este Lauder,ESTEE LAUDER COMPANIES INC,0.5865471738820481
357,Robell Research,Robell Research,C H ROBINSON WORLDWIDE INC,0.32351317390349543
358,Cardinal Health,Cardinal Health,CARDINAL HEALTH INC,0.8001327763732298
359,Kellogg,Kellogg,GENERAL MILLS INC,0.46949678481798285
360,President's Choice / Greenberg,President's Choice / Greenberg,LOBLAW COS LTD,0.40148688350200074
361,Honeywell International,Honeywell International,HONEYWELL INTERNATIONAL INC,0.8325538559300943
362,HoneyWell Consumer Products,HoneyWell Consumer Products,HONEYWELL INTERNATIONAL INC,0.5838908697390401
363,Torrefazione Italia,Torrefazione Italia,STARBUCKS CORP,0.36222843496917034
364,Eagle One Industries,Eagle One Industries,ECOLAB INC,0.35098144108972434
365,Mrs. Miller's Homemade Jams,Mrs. Miller's Homemade Jams,SMUCKER (JM) CO,0.39595476449372596
366,Green & Black's,Mondelez International,MONDELEZ INTERNATIONAL INC,0.6216143199374025
367,Office Depot,Office Depot,HOME DEPOT INC,0.5103783430316828
368,Country Junction Restaurant,Country Junction Restaurant,BUFFETS HOLDINGS INC,0.3143665621889358
369,Bed Bath & Beyond,Bed Bath & Beyond,BED BATH & BEYOND INC,0.7682107712561081
370,Create a Treat,Create a Treat,HERSHEY CO,0.2529167254175175
371,White Plains,White Plains,WESTON (GEORGE) LTD,0.28685389565099134
372,The Glad Products Company,Clorox,CLOROX CO/DE,0.5723544901124576
373,Artisan Confections,Artisan Confections,HERSHEY CO,0.391610745837319
374,Seaboard Foods,Seaboard Foods,SEABOARD CORP,0.6048108507240555
375,Glacau,The Coca-Cola Company,COCA-COLA CO,0.5613121714679963
376,Allan Candy,Hershey,HERSHEY CO,0.6383148240575043
377,C.H. Robinson,C.H. Robinson,C H ROBINSON WORLDWIDE INC,0.7771643366792877
378,Blue Moon Brewing,Molson Coors Brewing,MOLSON COORS BEVERAGE CO,0.6541471937677962
379,Hagen-Dazs,General Mills,GENERAL MILLS INC,0.5784475672681261
380,Cervecera del Pacifico,Constellation Brands,CONSTELLATION BRANDS,0.6551816246891463
381,Hazlitt's Red Cat Cellars,Hazlitt's Red Cat Cellars,CONSTELLATION BRANDS,0.3834103973269669
382,Franzia Vineyards,Franzia Vineyards,CONSTELLATION BRANDS,0.424919811914633
383,Tropicana,PepsiCo,PEPSICO INC,0.6150354716872022
384,Lucerne Foods,AB Acquisition,LAND O'LAKES INC,0.5037696926867078
385,TJX Companies,TJX Companies,TJX COS INC (THE),0.7937676164115972
386,Unified Grocers,United Natural Foods / UNFI,UNITED NATURAL FOODS INC,0.6945321809493116
387,Heluva Good Cheese,Heluva Good Cheese,LAND O'LAKES INC,0.4054278406091892
388,Michael Kors,Este Lauder,ESTEE LAUDER COMPANIES INC,0.5669874866324813
389,Smokehouse Pet Products,Smokehouse Pet Products,HORMEL FOODS CORP,0.3767682620483344
390,Old Navy,Old Navy,GAP INC,0.5397094588542837
391,Night Harvest Cellars,Constellation Brands,CONSTELLATION BRANDS,0.6804737291051716
392,Marketside,Wal-Mart,WALMART INC,0.6067038678363389
393,E. I. Du Pont De Nemours,E. I. Du Pont De Nemours,DUPONT DE NEMOURS INC,0.7097668902780943
394,The Folger Coffee Company,The Folger Coffee Company,STARBUCKS CORP,0.49058466862199873
395,Feudo Arancio,Feudo Arancio,CONSTELLATION BRANDS,0.35171017058732706
396,Nobilo Wine Group,Constellation Brands,CONSTELLATION BRANDS,0.647573073665091
397,Kim Crawford Wines,Constellation Brands,CONSTELLATION BRANDS,0.648737015536464
398,St. Regis Vineyards,St. Regis Vineyards,CONSTELLATION BRANDS,0.4526437309145464
399,Alice White,Constellation Brands,CONSTELLATION BRANDS,0.6477010699092354
400,Mrs. Sullivan's,Mrs. Sullivan's,CAMPBELL SOUP CO,0.29838075848219936
401,The Nest Collective,Campbell Soup,CAMPBELL SOUP CO,0.6128596878444098
402,Tyson Deli,Tyson Deli,TYSON FOODS INC  -CL A,0.6025730931491509
403,Teva Pharmaceutical Industries,Teva Pharmaceutical Industries,TEVA PHARMACEUTICALS,0.7872139712114083
404,Ralcorp Frozen Bakery Products,ConAgra Foods,CONAGRA BRANDS INC,0.6155983192000156
405,Swheat Scoop,Swheat Scoop,SHERWIN-WILLIAMS CO,0.297347369857358
406,Topo Chico,Topo Chico,COCA-COLA FEMSA SAB DE CV,0.38943752650075036
407,Beringer Vineyards,Beringer Vineyards,CONSTELLATION BRANDS,0.4295379329844454
408,Aunt Sarah's Pancake Houses,Aunt Sarah's Pancake Houses,DARDEN RESTAURANTS INC,0.32211415005189475
409,Gossner Foods,Gossner Foods,LAND O'LAKES INC,0.4521376717164179
410,Novartis Ophthalmics,Novartis,NOVARTIS AG,0.6590839301949329
411,Colcaf,Colcaf,COCA-COLA CO,0.5226090611044718
412,NeXstep Beverages,The Coca-Cola Company,COCA-COLA CO,0.5779938138230776
413,Valley Fresh,Valley Fresh,CAMPBELL SOUP CO,0.3993035444895857
414,GNP Farms,Pilgrim's Pride,PILGRIM'S PRIDE CORP,0.6703390472026863
415,Mostly Memories,Mostly Memories,FULUCAI PRODUCTIONS LTD-OLD,0.2586883644270238
416,BMBC,BMBC,WBI BULLBEAR QUALTY 3000 ETF,0.378890938751475
417,Big Lots Stores,Big Lots Stores,BIG LOTS INC,0.788973012581987
418,Sobeys,Sobeys,LOBLAW COS LTD,0.5445134346118682
419,La Fromagerie Alexis de Portneuf,La Fromagerie Alexis de Portneuf,SAPUTO INC,0.41856761851577207
420,Farina Mills Farina,Farina Mills Farina,GENERAL MILLS INC,0.47492505919417566
421,Golden Grain,Golden Grain,GENERAL MILLS INC,0.4482769503188922
422,Pirate Brands,Hershey,HERSHEY CO,0.6122392478956225
423,Kraft Foods,Kraft Heinz,CONAGRA BRANDS INC,0.5587203854385667
424,McMaster Import,Constellation Brands,CONSTELLATION BRANDS,0.6351566548390151
425,Packaging And Preservation,Packaging And Preservation,SEALED AIR CORP,0.35525008654595575
426,Mogen David,Mogen David,CONSTELLATION BRANDS,0.42239858788736007
427,Monkey Bay,Constellation Brands,CONSTELLATION BRANDS,0.6080619778297729
428,Molson Coors,Molson Coors Brewing,MOLSON COORS BEVERAGE CO,0.7961812412880999
429,Baron Philippe de Rothschild,Constellation Brands,CONSTELLATION BRANDS,0.6006952836624654
430,Ruffino,Constellation Brands,CONSTELLATION BRANDS,0.6087981956591387
431,HRM Rex-Goliath Winery,Constellation Brands,CONSTELLATION BRANDS,0.6335501943123238
432,Cook's Champagne Cellars,Constellation Brands,CONSTELLATION BRANDS,0.6631701156147276
433,Ravenswood Winery,Constellation Brands,CONSTELLATION BRANDS,0.6706537129127143
434,Mark West Winery,Constellation Brands,CONSTELLATION BRANDS,0.668205315063109
435,Blackstone Winery,Constellation Brands,CONSTELLATION BRANDS,0.6708003761156092
436,Smashbox Beauty Cosmetics,Este Lauder,ESTEE LAUDER COMPANIES INC,0.5516930248635895
437,Simi Winery,Constellation Brands,CONSTELLATION BRANDS,0.6779896370466515
438,Great Western Champagne Cellars,Great Western Champagne Cellars,CONSTELLATION BRANDS,0.408498422675833
439,Estancia Estates,Estancia Estates,VENTAS INC,0.33721189828850534
440,Franciscan Estate,Constellation Brands,CONSTELLATION BRANDS,0.6783876009945851
441,Crazy Richard's,Crazy Richard's,SMUCKER (JM) CO,0.3526434587132755
442,Tequila Cazadores,Tequila Cazadores,MOLSON COORS BEVERAGE CO,0.3447761163162446
443,Plank Road Brewery,Molson Coors Brewing,MOLSON COORS BEVERAGE CO,0.648510227063996
444,Lost Vineyards,Lost Vineyards,CONSTELLATION BRANDS,0.3327954349435873
445,Homestead Mills,Homestead Mills,GENERAL MILLS INC,0.4518778171116712
446,St Helena-Kellerei,Constellation Brands,CONSTELLATION BRANDS,0.6347451435150154
447,Yoki,General Mills,GENERAL MILLS INC,0.6137850300457551
448,Black Velvet Import,Constellation Brands,CONSTELLATION BRANDS,0.6068557415789892
449,J. Roget Champagne Cellars,Constellation Brands,CONSTELLATION BRANDS,0.6324743674693578
450,Krema Products,Krema Products,KROGER CO,0.42345701259532315
451,Too Faced Cosmetics,Este Lauder,ESTEE LAUDER COMPANIES INC,0.6021024696364139
452,Culinary Circle,Culinary Circle,CONAGRA BRANDS INC,0.38487400221618573
453,Corner Store,Corner Store,CASEYS GENERAL STORES INC,0.4364122911921977
454,Toasted Head,Constellation Brands,CONSTELLATION BRANDS,0.6495231924659267
455,CSC Naturals and Organics,CSC Naturals and Organics,UNITED NATURAL FOODS INC,0.3773970025800885
456,I.V.A.S.S.,I.V.A.S.S.,ASSET ACCEPTANCE CAPITL CP,0.3529622956829766
457,Pivovary Staropramen,Molson Coors Brewing,MOLSON COORS BEVERAGE CO,0.629186070348495
458,Diversified Foods,Diversified Foods,HORMEL FOODS CORP,0.4560770217720004
459,IGA,IGA,KROGER CO,0.40772625793054956
460,Tyson Pet Products,Tyson Foods,TYSON FOODS INC  -CL A,0.6749692390174377
461,Pfizer Consumer Healthcare,Pfizer,PFIZER INC,0.6630875295015503
462,Fromagerie,Fromagerie,SAPUTO INC,0.3938765063202788
463,Sam's Club General Offices,Wal-Mart,WALMART INC,0.5695615454748968
464,Rising Moon Organics,Rising Moon,UNITED NATURAL FOODS INC,0.346121384017064
465,ConAgra Food Ingredients,ConAgra Foods,CONAGRA BRANDS INC,0.7215029033692683
466,Smucker Natural Foods,J.M. Smucker,SMUCKER (JM) CO,0.7060398255955116
467,Urban Accents,Urban Accents,UNITED NATURAL FOODS INC,0.36534967500359095
468,Hershey International,Hershey,HERSHEY CO,0.7117616829859976
469,Primal Roots,Constellation Brands,CONSTELLATION BRANDS,0.6588774303944217
470,Food Should Taste Good,General Mills,GENERAL MILLS INC,0.583157606711677
471,Circle Foods,Tyson Foods,TYSON FOODS INC  -CL A,0.6531444423671859
472,Milo's Kitchen,Big Heart Pet Brands,GENERAL MILLS INC,0.4505071926416739
473,Home Depot,Home Depot,HOME DEPOT INC,0.7574628439213952
474,McNeil-PPC,Johnson & Johnson,JOHNSON & JOHNSON,0.6741846663010049
475,Coca-Cola 3E,The Coca-Cola Company,COCA-COLA CO,0.6586724089870734
476,Stellenbosch Farmers Winery,Stellenbosch Farmers Winery,CONSTELLATION BRANDS,0.4031737237903742
477,Thrifty Payless,Rite Aid,RITE AID CORP,0.5575642741178259
478,Medora Snacks,Medora Snacks,MONDELEZ INTERNATIONAL INC,0.4198208181914176
479,CWUS Imports,Constellation Brands,CONSTELLATION BRANDS,0.7033615538449303
480,Woodstock Farms,Woodstock Farms,LAND O'LAKES INC,0.41883225276148905
481,Maxi,Maxi,METRO INC,0.3138063331547441
482,Canada Bread,Canada Bread,LOBLAW COS LTD,0.472902447395226
483,Metro,Metro,METRO INC,0.6867894902071792
484,Genesee Brewing Company,Genesee Brewing Company,MOLSON COORS BEVERAGE CO,0.5021283117262637
485,SkinnyPop Popcorn,Hershey,HERSHEY CO,0.5781138383549471
486,Loblaw Companies,George Weston,LOBLAW COS LTD,0.6642159696974906
487,C.P. Products,C.P. Products,CAMPBELL SOUP CO,0.40512922411630886
488,Simply Naked Winery,Constellation Brands,CONSTELLATION BRANDS,0.6236957603672098
489,UniBev,UniBev,AMBEV SA,0.5504363946937
490,Hayman & Hill Wines,Constellation Brands,CONSTELLATION BRANDS,0.6039979237138517
491,Dutch Country Kettles,Dutch Country Kettles,HERSHEY CO,0.3565900424257296
492,Merrick,Merrick,MERCK & CO,0.3418254554272256
493,Cornfields,Cornfields,ARCHER-DANIELS-MIDLAND CO,0.28925904989158285
494,Carando Gourmet Frozen Foods,Carando Gourmet Frozen Foods,CONAGRA BRANDS INC,0.48424886720032856
495,J&J Skincare,J&J Skincare,JOHNSON & JOHNSON,0.6315426865430126
496,Azienda Agricola C Montebello,Azienda Agricola C Montebello,PHARMING GROUP NV,0.33436820041661547
497,Oyster Bay Wines,Oyster Bay Wines,CONSTELLATION BRANDS,0.3768500826968584
498,On-Cor,On-Cor,HORMEL FOODS CORP,0.4416225356251312
499,Smashbox,Este Lauder,ESTEE LAUDER COMPANIES INC,0.5465942490448966
500,Jimmy Dean Foods,Tyson Foods,TYSON FOODS INC  -CL A,0.5665638511352061
501,Clorox Pet Products,Clorox,CLOROX CO/DE,0.6370881993207902
502,Rioja Vega,Constellation Brands,CONSTELLATION BRANDS,0.6225551897378327
503,Vallebelbo,Vallebelbo,KELLANOVA,0.2834030822192747
504,Coors Archive Brewing,Molson Coors Brewing,MOLSON COORS BEVERAGE CO,0.7011839533764157
505,Tyson Refrigerated Processed Meats,Tyson Foods,TYSON FOODS INC  -CL A,0.62884760885084
506,Bodegas Prncipe de Viana,Constellation Brands,CONSTELLATION BRANDS,0.619673897513377
507,Tenuta Masizzo Codroipo,Tenuta Masizzo Codroipo,FULUCAI PRODUCTIONS LTD-OLD,0.25398404448017553
508,Sanofi,Sanofi,SANOFI,0.8010598363778081
509,ConAgra Mills,ConAgra Foods,CONAGRA BRANDS INC,0.6885014169768625
510,Cervecera y Maltera Quilmes,Anheuser-Busch InBev,AMBEV SA,0.5975569892822317
511,Constellation,Constellation,CONSTELLATION BRANDS,0.5765262936318125
512,The Sherwin-Williams,The Sherwin-Williams,SHERWIN-WILLIAMS CO,0.7844729771204887
513,CA.I.VI.P,CA.I.VI.P,PVH CORP,0.4199199164298456
514,Schering-Plough,Bayer,BAYER AG,0.6542647714619154
515,Bayer Advanced,Bayer,BAYER AG,0.6252216992870949
516,Prospect Farms,Tyson Foods,TYSON FOODS INC  -CL A,0.6018470873979339
517,Dagoba,Dagoba,ODP CORP,0.2866027311669468
518,Tenuta C Bolani,Tenuta C Bolani,CONSTELLATION BRANDS,0.3262047738614862
519,Lily's Sweets,Hershey,HERSHEY CO,0.6106716344508115
520,Field Day,Field Day,STEM INC,0.2370846638714539
521,Ralph Lauren Home Fragrance,L'Oral,RALPH LAUREN CORP,0.5898841347664169
522,Paso Creek,Constellation Brands,CONSTELLATION BRANDS,0.633459097370397
523,Stemmari,Stemmari,CONSTELLATION BRANDS,0.3187265666581014
524,KeVita,PepsiCo,PEPSICO INC,0.5918877296566591
525,Stoneleigh Vineyards,Stoneleigh Vineyards,CONSTELLATION BRANDS,0.4038445747540028
526,Mondelez,Mondelez International,MONDELEZ INTERNATIONAL INC,0.8062977398368729
527,Mondelez Global,Mondelez International,MONDELEZ INTERNATIONAL INC,0.8064329754178453
528,Tazo,Tazo,STARBUCKS CORP,0.37219184944279304
529,Lowe's,Lowe's,LOWE'S COS INC,0.7317841828934278
530,Heluva Good!,Heluva Good!,HORMEL FOODS CORP,0.3749592873114939
531,Conagra Foods,ConAgra Foods,CONAGRA BRANDS INC,0.738851610528353
532,Estancia Winery,Constellation Brands,CONSTELLATION BRANDS,0.6468661464141809
533,Plum,Campbell Soup,CAMPBELL SOUP CO,0.6634847435671505
534,Evolution Fresh,Starbucks Coffee,STARBUCKS CORP,0.5526629473934128
535,Metro Plus,Metro Plus,METRO INC,0.6024771154834179
536,Mondelez International,Mondelez International,MONDELEZ INTERNATIONAL INC,0.8073372934958702
537,Olive Garden,Olive Garden,DARDEN RESTAURANTS INC,0.4414806725408688
538,Zico Beverages,The Coca-Cola Company,COCA-COLA CO,0.6154364457710686
539,Unibroue,Unibroue,MOLSON COORS BEVERAGE CO,0.44848654836025603
540,Barq's,The Coca-Cola Company,COCA-COLA CO,0.5743192592745111
541,Sturm Foods,Sturm Foods,HORMEL FOODS CORP,0.4863751038453827
542,North American Coffee,North American Coffee,STARBUCKS CORP,0.47926610720496854
543,Hogue Cellars,Constellation Brands,CONSTELLATION BRANDS,0.685728344366803
544,GlamGlow,Este Lauder,ESTEE LAUDER COMPANIES INC,0.5397648598955305
545,Mendlez Global,Mendlez Global,MONDELEZ INTERNATIONAL INC,0.42670738522313634
546,John Smith's,John Smith's,SMUCKER (JM) CO,0.38155211076930085
547,Lowe's Companies,Lowe's Companies,LOWE'S COS INC,0.7684921767310552
548,Nobilo Wines,Constellation Brands,CONSTELLATION BRANDS,0.6219389914036366
549,Interbake Foods,George Weston,WESTON (GEORGE) LTD,0.6000182262604576
550,McDonald's,McDonald's,MCDONALD'S CORP,0.676998919830429
551,Provigo Distribution,George Weston,LOBLAW COS LTD,0.5370236290187436
552,Kelsen Group,Campbell Soup,CAMPBELL SOUP CO,0.6454459882169612
553,Stacktek,Constellation Brands,CONSTELLATION BRANDS,0.720222996854173
554,Procter & Gamble Prestige,Procter & Gamble,PROCTER & GAMBLE CO,0.706181332784941
555,"Soy Vay Enterprises, Inc,","Soy Vay Enterprises, Inc,",SYSCO CORP,0.4199908074717112
556,Ripple Brand Collective,Hershey,HERSHEY CO,0.6304064117044382
557,Shock Top,Shock Top,MOLSON COORS BEVERAGE CO,0.410562627157768
558,Milestone Winery,Constellation Brands,CONSTELLATION BRANDS,0.6805276507318123
559,Big Heart Pet Brands,Big Heart Pet Brands,CONAGRA BRANDS INC,0.4757197359998611
560,Saputo Dairy Foods,Saputo Group,SAPUTO INC,0.7203295866818854
561,Drylands Winery,Constellation Brands,CONSTELLATION BRANDS,0.6011456985641166
562,Waste Management,Waste Management,WASTE MANAGEMENT INC,0.7864186671452744
563,Crown Imports,Constellation Brands,CONSTELLATION BRANDS,0.7050230689378495
564,Southern Tier Brewing Co.,Southern Tier Brewing Co.,CONSTELLATION BRANDS,0.455616988046479
565,New Belgium Brewing,New Belgium Brewing,MOLSON COORS BEVERAGE CO,0.45720762374843266
566,Meiomi Wines,Constellation Brands,CONSTELLATION BRANDS,0.6551860157905235
567,Abbott Nutrition,Abbott Laboratories,ABBOTT LABORATORIES,0.6740946829230989
568,College Inn,College Inn,CAMPBELL SOUP CO,0.32324695257746144
569,Aliments Natura Foods,Aliments Natura Foods,UNITED NATURAL FOODS INC,0.5450346058875387
570,Fuze Beverage,The Coca-Cola Company,COCA-COLA FEMSA SAB DE CV,0.543545992903603
571,Philips Consumer Lifestyle,Philips Consumer Lifestyle,KONINKLIJKE PHILIPS NV,0.6463201695519258
572,Rodin,Este Lauder,ESTEE LAUDER COMPANIES INC,0.48388739474063325
573,Ermenegildo Zegna Parfums,Este Lauder,ESTEE LAUDER COMPANIES INC,0.5833258901947553
574,Tory Burch Beauty,Este Lauder,ESTEE LAUDER COMPANIES INC,0.5581141020787602
575,Modern Gourmet Foods,Modern Gourmet Foods,UNITED NATURAL FOODS INC,0.4202979277857294
576,Manischewitz Wine,Constellation Brands,CONSTELLATION BRANDS,0.6380530519862113
577,United Natural Foods,United Natural Foods,UNITED NATURAL FOODS INC,0.8360330752490336
578,Kimberly-Clark Global Sales,Kimberly-Clark,KIMBERLY-CLARK CORP,0.7050719004120829
579,ITW Global Brands,ITW Global Brands,NEWELL BRANDS INC,0.48270886775234934
580,Brand Buzz,Brand Buzz,CONSTELLATION BRANDS,0.39648750834634705
581,Ithaca Beer,Ithaca Beer,CONSTELLATION BRANDS,0.4273938126000089
582,Gnrale Biscuit Glico,Mondelez International,MONDELEZ INTERNATIONAL INC,0.677987430987324
583,Hershey Chocolate and Confectionery,Hershey,HERSHEY CO,0.7148888908612073
584,Weston Bakeries,Weston Bakeries,WESTON (GEORGE) LTD,0.5839097729616132
585,Coca-Cola Refreshments,The Coca-Cola Company,COCA-COLA CO,0.6506301736697693
586,K-10+,K-10+,KELLANOVA,0.2956101578646678
587,Wholesome Harvest Baking,Wholesome Harvest Baking,GENERAL MILLS INC,0.4367228394755481
588,Fattorie Osella,Mondelez International,MONDELEZ INTERNATIONAL INC,0.6242304434465797
589,DeBeukelaer Cookie Company,DeBeukelaer Cookie Company,MONDELEZ INTERNATIONAL INC,0.5198944173634326
590,McNeil Consumer Healthcare,Johnson & Johnson,JOHNSON & JOHNSON,0.6442746058185008
591,Amazon.com,Amazon,AMAZON.COM INC,0.627455876886781
592,Sweepy Group Products,Sweepy Group Products,PHARMING GROUP NV,0.4302493720904435
593,Generale Biscuits,Mondelez International,MONDELEZ INTERNATIONAL INC,0.6657670960080226
594,Bolla,Bolla,BALL CORP,0.4228488610989115
595,Cookies United,Cookies United,COCA-COLA CO,0.3503575432820062
596,Saved Wines,Constellation Brands,CONSTELLATION BRANDS,0.6646789536921296
597,Tommy Hilfiger,Este Lauder,ESTEE LAUDER COMPANIES INC,0.553192245489612
598,Frito Lay,PepsiCo,PEPSICO INC,0.6183888389601838
599,WLB / Whitman Laboratories,Este Lauder,ESTEE LAUDER COMPANIES INC,0.5776514718850585
600,Les Parfums Ralph Lauren,L'Oral,RALPH LAUREN CORP,0.5695911106152789
601,PVH,PVH,PVH CORP,0.8277550828905897
602,3M Consumer Health Care,3M,3M CO,0.6309945654487515
603,Target Brands,Target,TARGET CORP,0.6472705033339234
604,Smucker Natural Foods,Smucker Natural Foods,SMUCKER (JM) CO,0.6126549859645258
605,Brand Buzz,Brand Buzz,CONSTELLATION BRANDS,0.39650151301933517
606,Tom Gore Vineyards,Constellation Brands,CONSTELLATION BRANDS,0.6574064707943279
607,S-VC,PepsiCo,PEPSICO INC,0.6597812253571116
608,Libert,General Mills,GENERAL MILLS INC,0.6089906570462542
609,Grupo Modelo,Constellation Brands,CONSTELLATION BRANDS,0.6867137154865767
610,Lorissa's Kitchen,Lorissa's Kitchen,HORMEL FOODS CORP,0.33566787134091913
611,Stella Artois Cidre,Stella Artois Cidre,CONSTELLATION BRANDS,0.44261599966881016
612,Groupe Adonis,Metro,METRO INC,0.6393762652514701
613,Aerin Beauty,Este Lauder,ESTEE LAUDER COMPANIES INC,0.5838252079176108
614,ConAgra Brands,ConAgra Foods,CONAGRA BRANDS INC,0.7864294049125531
615,Newell Brands,Newell Brands,NEWELL BRANDS INC,0.8095757929550369
616,KImberly-Clark,Kimberly-Clark,KIMBERLY-CLARK CORP,0.8198556116803052
617,Real Canadian Super Store,Real Canadian Super Store,LOBLAW COS LTD,0.5352984225031117
618,Etos,Ahold Delhaize,KONINKLIJKE AHOLD DELHAIZE,0.6630967586064532
619,Costco,Costco Wholesale,COSTCO WHOLESALE CORP,0.7758199603475363
620,JBS USA Food Company,JBS,TYSON FOODS INC  -CL A,0.4869904462988783
621,Mealtime Stories,Mealtime Stories,CAMPBELL SOUP CO,0.2720396493546377
622,AstraZeneca,AstraZeneca,ASTRAZENECA PLC,0.7913587531830552
623,Russell Stover Chocolates,Russell Stover Chocolates,HERSHEY CO,0.45971782701517977
624,Stagg Jams,Stagg Jams,SMUCKER (JM) CO,0.380869520508474
625,Shijiazhuang Hongray Group,Shijiazhuang Hongray Group,HANESBRANDS INC,0.36907642915186134
626,International Paper Group,International Paper Group,INTL PAPER CO,0.7104912254190208
627,Miss Vickie's,PepsiCo,PEPSICO INC,0.5818063372727379
628,Schering-Plough,Schering-Plough,MERCK & CO,0.6020305370733441
629,Souverain,Souverain,SANOFI,0.3088037370026094
630,S&M,S&M,SRM ENTERTAINMENT INC -SPN,0.35505361672001456
631,Have & Be,Este Lauder,ESTEE LAUDER COMPANIES INC,0.5316253763118937
632,Sojos,Sojos,SANOFI,0.33733686745632196
633,Loblaws,George Weston,LOBLAW COS LTD,0.6753462653934194
634,McKesson Medical-Surgical,McKesson Medical-Surgical,MCKESSON CORP,0.6176182348355767
635,La Fromagerie Alexis de Porneuf,La Fromagerie Alexis de Porneuf,SAPUTO INC,0.39391548470162985
636,Golden Grains Co.,Golden Grains Co.,GENERAL MILLS INC,0.49736969911483725
637,Tyson Sales and Distribution,Tyson Foods,TYSON FOODS INC  -CL A,0.6552787225277917
638,Kellogg Sales,Kellogg,GENERAL MILLS INC,0.49238682135671125
639,Stokely-Van Camp,PepsiCo,PEPSICO INC,0.5844759839600437
640,Johnson & Johnson Consumer,Johnson & Johnson,JOHNSON & JOHNSON,0.7687584110876066
641,JBS,JBS,SMUCKER (JM) CO,0.4272065737563384
642,Metro Plus,Metro,METRO INC,0.6276897172912901
643,Muir Glen,Muir Glen,CAMPBELL SOUP CO,0.4273616081752008
644,3M Healthcare,3M,3M CO,0.654074948963164
645,IGA Extra,IGA Extra,METRO INC,0.41909531218648616
646,Boulangerie Canada Bread,Boulangerie Canada Bread,LOBLAW COS LTD,0.45631756228517
647,Miss Vickie's,Miss Vickie's,CONAGRA BRANDS INC,0.3760494866337833
648,Jimmy Dean Brand,Jimmy Dean Brand,HORMEL FOODS CORP,0.4265799098551654
649,Saputo Produits Laitiers,Saputo Group,SAPUTO INC,0.7152909950996914
650,Megadim,Megadim,METRO INC,0.32009929447202146
651,Red Rock Deli,Red Rock Deli,REDGATE MEDIA GROUP-ADR-REDH,0.3724079721240597
652,Bxter of California,Bxter of California,BAXTER INTERNATIONAL INC,0.40188804578862547
653,Glacau,Glacau,COCA-COLA CO,0.44517987786766466
654,buybuyBABY,buybuyBABY,BED BATH & BEYOND INC,0.5242780137391598
655,Mission Hills,Colgate-Palmolive,COLGATE-PALMOLIVE CO,0.5830648195335967
656,Seagram,The Coca-Cola Company,COCA-COLA CO,0.580431977206062
657,Jacob Leinenkugel Brewing,SABMiller,MOLSON COORS BEVERAGE CO,0.5313076341239686
658,Bartell Drugs,Bartell Drugs,RITE AID CORP,0.41782690891937274
659,Constellation Imports,Constellation Imports,CONSTELLATION BRANDS,0.6058461928854848
660,V.N.P.,V.N.P.,PVH CORP,0.38375943578976063
661,Les Produits Saint-Henri Inc.,Les Produits Saint-Henri Inc.,SAPUTO INC,0.45357916225799155
662,Silani,Silani,SAPUTO INC,0.3210942846511002
663,Casa Noble Imports,Casa Noble Imports,CONSTELLATION BRANDS,0.3737361850759804
664,Le Labo,Este Lauder,ESTEE LAUDER COMPANIES INC,0.5852571641283082
665,Coca-Cola Bottlers' Association,The Coca-Cola Company,COCA-COLA CO,0.6535978634092842
666,Molson Coors,Molson Coors,MOLSON COORS BEVERAGE CO,0.7774013065113162
667,Amazon Retail,Amazon,AMAZON.COM INC,0.6298515742367711
668,Plum,Plum,SMUCKER (JM) CO,0.302903089122514
669,Aquarelle Beverage Co.,Molson Coors Brewing,MOLSON COORS BEVERAGE CO,0.7351818980882603
670,Hubert's Lemonade,The Coca-Cola Company,COCA-COLA CO,0.5402569856040591
671,Similac,Similac,SANOFI,0.42445681288332276
672,Amazon Go,Amazon,AMAZON.COM INC,0.5354092533673083
673,Teva,Teva,TEVA PHARMACEUTICALS,0.7134057221725619
674,March Adonis,Metro,METRO INC,0.4467363339235909
675,Libert,Libert,METRO INC,0.2785167774891072
676,Mainspring Holidays,Mainspring Holidays,SRM ENTERTAINMENT INC -SPN,0.27466563096353386
677,Raised & Rooted,Tyson Foods,TYSON FOODS INC  -CL A,0.5686513217921453
678,Mondelez Polska Production,Mondelez International,MONDELEZ INTERNATIONAL INC,0.6735222889789851
679,Nature's Recipe,Nature's Recipe,UNITED NATURAL FOODS INC,0.3504160006276398
680,Mondelez Egypt Foods,Mondelez International,MONDELEZ INTERNATIONAL INC,0.7005122981940092
681,Grande Cheese,Grande Cheese,SAPUTO INC,0.41973255085253086
682,The Soulfull Project,The Soulfull Project,CAMPBELL SOUP CO,0.3791397268090207
683,C.V.Z.,C.V.Z.,ZOMEDICA CORP,0.33471024480936995
684,Svedka,Constellation Brands,CONSTELLATION BRANDS,0.6545870719478135
685,Kirin Beverage,Kirin Holdings,KIRIN HOLDINGS CO LTD,0.7985284780214914
686,Incoco,Incoco,COCA-COLA CO,0.39789171257634526
687,Dr. Gerhard Mann Chem.-pharm. Fabrik,Valeant Pharmaceuticals,BAYER AG,0.5396874937052359
688,Cape Line Beverages,Molson Coors Brewing,MOLSON COORS BEVERAGE CO,0.7035984879607398
689,Sutter Home,Sutter Home,CONSTELLATION BRANDS,0.40089841903051526
690,Weetabix,Weetabix,GENERAL MILLS INC,0.4102713665611062
691,C.V.,C.V.,CVS HEALTH CORP,0.35856549688271716
692,Whitman's Chocolates,Whitman's Chocolates,HERSHEY CO,0.4859813355786146
693,Janssen Cosmetics,Janssen Cosmetics,JOHNSON & JOHNSON,0.45172938747460417
694,Honest Tea,The Coca-Cola Company,COCA-COLA CO,0.5386090932087206
695,Purefoods-Hormel,San Miguel Corporation,HORMEL FOODS CORP,0.6272691297993442
696,General Motors Corporattion,General Motors Corporattion,GENERAL MOTORS CO,0.7251479933840174
697,Kent Precision Foods Group,Kent Precision Foods Group,CONAGRA BRANDS INC,0.4886879611158846
698,Black Box Wines,Black Box Wines,CONSTELLATION BRANDS,0.4161453088948746
699,Movo Wine,Molson Coors Brewing,MOLSON COORS BEVERAGE CO,0.6792492058932821
700,PepsiCo Foods,PepsiCo,PEPSICO INC,0.7150610187892911
701,Tropicana Products,PepsiCo,PEPSICO INC,0.5988674182728883
702,Fromagerie Blackburn,Fromagerie Blackburn,SAPUTO INC,0.39187235543637994
703,Mylan Consumer Healthcare,Mylan Consumer Healthcare,VIATRIS INC,0.48770919607022567
704,Kashi Sales,Kashi Sales,VENTAS INC,0.45523659048770354
705,Philips Electronics,Philips Electronics,KONINKLIJKE PHILIPS NV,0.7441974111692775
706,JoCo Sales & Marketing,JoCo Sales & Marketing,COCA-COLA CO,0.4053842255940818
707,Old East Main,Dolgencorp / Dollar General Corporation,DOLLAR GENERAL CORP,0.6543630868888078
708,Cavim,Cavim,AMBEV SA,0.4099125948052552
709,Weston Foods,Weston Foods,WESTON (GEORGE) LTD,0.6071330765049461
710,Max Huber Research Labs,Este Lauder,ESTEE LAUDER COMPANIES INC,0.56316773256886
711,Swire Coca-Cola Beverages,The Coca-Cola Company,COCA-COLA CO,0.5869901412458731
712,Sanofi-Aventis,Sanofi,SANOFI,0.7702168983204827
713,Dupont De Nemours,Dupont De Nemours,DUPONT DE NEMOURS INC,0.7570831880603426
714,Compania Cervecera de Zacatecas,Compania Cervecera de Zacatecas,MOLSON COORS BEVERAGE CO,0.49575015965763736
715,New Wave Global Services,New Wave Global Services,NEWELL BRANDS INC,0.3607101172367313
716,Hormel Heathlabs,Hormel Foods,HORMEL FOODS CORP,0.7152960338064003
717,Diversey,Diversey,ECOLAB INC,0.40150914612245253
718,Cultivated Foods,Cultivated Foods,UNITED NATURAL FOODS INC,0.33745338931739743
719,Pepsi-Cola Trading,PepsiCo,PEPSICO INC,0.682039174177071
720,Angie's Artisan Treats,Angie's Artisan Treats,MONDELEZ INTERNATIONAL INC,0.3410299310174061
721,Molson Coors Beverage,Molson Coors Beverage,MOLSON COORS BEVERAGE CO,0.8346537021889123
722,Quaker Foods & Beverage,PepsiCo,PEPSICO INC,0.587657518680196
723,Starr African Imports,Starr African Imports,DIAMOND S SHIPPING INC,0.32252183612605306
724,C.V. - S.C.,C.V. - S.C.,CVS HEALTH CORP,0.3282352201597065
725,Tyson Fresh Meats,Tyson Fresh Meats,TYSON FOODS INC  -CL A,0.6248410681856956
726,Rockstar,Rockstar,SRM ENTERTAINMENT INC -SPN,0.31562316076792696
727,Ruffino Import Company,Constellation Brands,CONSTELLATION BRANDS,0.603435969533898
728,Ball Packaging,Ball Packaging,BALL CORP,0.5566200294900238
729,Bausch Health,Valeant Pharmaceuticals,BAUSCH HEALTH COMPANIES INC,0.7591530511568916
730,The Clorox Company,The Clorox Company,CLOROX CO/DE,0.7400717343877606
731,Nespresso,Nestl,STARBUCKS CORP,0.4414199656546718
732,Sanofi Vietnam Shareholding,Sanofi,SANOFI,0.6011504272021678
733,Hanesbrands Consumer Services,Hanesbrands Consumer Services,HANESBRANDS INC,0.7175716201047385
734,JFC International Vineyards,JFC International Vineyards,CONSTELLATION BRANDS,0.41172332159951136
735,CVZ,CVZ,CVS HEALTH CORP,0.38729444696536686
736,Oral B,Procter & Gamble,PROCTER & GAMBLE CO,0.6238151325614354
737,Ball Aluminum Cup,Ball Aluminum Cup,BALL CORP,0.4984368437921086
738,Abbott Diagnostics Scarborough,Abbott Diagnostics Scarborough,ABBOTT LABORATORIES,0.5722856926392483
739,Conagra Brands,ConAgra Foods,CONAGRA BRANDS INC,0.7867371773754279
740,Molson Coors Beverages,Molson Coors Beverages,MOLSON COORS BEVERAGE CO,0.8197071928864315
741,3M ESPE,3M ESPE,3M CO,0.5496475640495663
742,Fromagerie de Riom-s-Montagnes,Fromagerie de Riom-s-Montagnes,SAPUTO INC,0.37361342199954367
743,Robinson Fresh,Robinson Fresh,C H ROBINSON WORLDWIDE INC,0.5371591638902341
744,Coors Brewing,Coors Brewing,MOLSON COORS BEVERAGE CO,0.6623193343310878
745,Constellation Brands,Constellation Brands,CONSTELLATION BRANDS,0.8412587965212028
746,EcoLab,EcoLab,ECOLAB INC,0.7628162687776741
747,Kirin,Kirin Holdings,KIRIN HOLDINGS CO LTD,0.8347574529640173
748,Mississauga,Mississauga,METRO INC,0.3564179609553265
749,Mad Vine,Molson Coors Brewing,MOLSON COORS BEVERAGE CO,0.695108711521078
750,Walmart,Walmart,WALMART INC,0.6951846159797399
751,C.S.,C.S.,COCA-COLA CO,0.3486116367814612
752,Sam's West,Walmart,WALMART INC,0.5813624008112345
753,Kashi Sales,Kellogg,GENERAL MILLS INC,0.4905635394777281
754,Bare Foods,PepsiCo,PEPSICO INC,0.5859782731608331
755,Bayer HealthCare,Bayer HealthCare,BAYER AG,0.7286466743161322
756,Big Heart Pet Brands,J.M. Smucker,SMUCKER (JM) CO,0.5900130572997705
757,Wonder Brands,Wonder Brands,NEWELL BRANDS INC,0.4966790911753618
758,JNJ Operations,JNJ Operations,JOHNSON & JOHNSON,0.5920208805218103
759,New Belgium Brewing,Kirin Holdings,KIRIN HOLDINGS CO LTD,0.5984998706607837
760,Marie Callender's,ConAgra Foods,CONAGRA BRANDS INC,0.5803051590384598
761,Adusa Distribution,Ahold Delhaize,KONINKLIJKE AHOLD DELHAIZE,0.626632376808526
762,Blue Moon Brewery,Molson Coors Brewing,MOLSON COORS BEVERAGE CO,0.6651550570007168
763,Ultima Foods,Ultima Foods,SAPUTO INC,0.5488433339351896
764,Sam's Club General Offices,Walmart,WALMART INC,0.5709203513472471
765,Rockstar,PepsiCo,PEPSICO INC,0.5816879325583465
766,Newell Farmlands,Newell Farmlands,NEWELL BRANDS INC,0.46777580054586176
767,Deciem,Deciem,ESTEE LAUDER COMPANIES INC,0.4156874212226372
768,Sanofi Consumer Healthcare,Sanofi,SANOFI,0.7120363417834671
769,Enjoy Life Natural Brands,Mondelez International,MONDELEZ INTERNATIONAL INC,0.6359159394747259
770,JJSBF,Johnson & Johnson,JOHNSON & JOHNSON,0.7215285092317343
771,Nehemiah Manufacturing,Nehemiah Manufacturing,NEWELL BRANDS INC,0.38428433899493153
772,Fortinos,Fortinos,LOBLAW COS LTD,0.5042860420318866
773,Pepsi/Lipton Tea,Pepsi/Lipton Tea,PEPSICO INC,0.5624551062101428
774,Woodstock,United Natural Foods / UNFI,UNITED NATURAL FOODS INC,0.6545462208869299
775,Santa Cruz Natural Incorporated,J.M. Smucker,SMUCKER (JM) CO,0.631117372966039
776,Good Measure,Good Measure,METRO INC,0.26972433557932046
777,Amazon,Amazon,AMAZON.COM INC,0.6221071875943078
778,TC Hard Seltzer,TC Hard Seltzer,MOLSON COORS BEVERAGE CO,0.4468530880983409
779,CVS Health,CVS Health,CVS HEALTH CORP,0.812810263657552
780,Molson Coors Beverage,Molson Coors Brewing,MOLSON COORS BEVERAGE CO,0.8184325540248952
781,Dempster's,Dempster's,LOBLAW COS LTD,0.3441976868177728
782,Lowe's Home Centers,Lowe's Home Centers,LOWE'S COS INC,0.720645518555715
783,Bavaria,Anheuser-Busch InBev,AMBEV SA,0.5593628743100726
784,L G Sourcing,L G Sourcing,LOWE'S COS INC,0.3837108405075698
785,Cantine Giacomo Montresor,Cantine Giacomo Montresor,CONSTELLATION BRANDS,0.35812364931420004
786,General Mills Sales,General Mills Sales,GENERAL MILLS INC,0.6852550465359016
787,CK Mondavi and Family,CK Mondavi and Family,CONSTELLATION BRANDS,0.43930732931728733
788,Target Corporation,Target Corporation,TARGET CORP,0.7682231900979094
789,Epic Provisions,Epic Provisions,HORMEL FOODS CORP,0.3610763253514425
790,Saputo Cheese,Saputo Cheese,SAPUTO INC,0.7039750729596004
791,K.F.C. Gida,K.F.C. Gida,KROGER CO,0.4476908435838198
792,Betty Crocker,General Mills,GENERAL MILLS INC,0.6166521932263349
793,Braun,Procter & Gamble,PROCTER & GAMBLE CO,0.6226620925876837
794,Topo Chico,The Coca-Cola Company,COCA-COLA FEMSA SAB DE CV,0.5683122293746667
795,Bausch & Lomb,Bausch & Lomb,BAUSCH HEALTH COMPANIES INC,0.5789927304778776
796,K Brands,K Brands,NEWELL BRANDS INC,0.47197742540445975
797,Birra Peroni,Anheuser-Busch InBev,AMBEV SA,0.5490237805430377
798,Molson Coors Non-Alc,Molson Coors Non-Alc,MOLSON COORS BEVERAGE CO,0.7191839105261273
799,Crofters Food,Crofters Food,HORMEL FOODS CORP,0.368968051010008
800,IT-VR2527,IT-VR2527,INTERVIDEO INC,0.34900986687828534
